first_name,second_name,goals_scored,assists,total_points,minutes,goals_conceded,creativity,influence,threat,bonus,bps,ict_index,clean_sheets,red_cards,yellow_cards,selected_by_percent,now_cost,element_type
Fábio,Ferreira Vieira,0,0,0,0,0,0.0,0.0,0.0,0,0,0.0,0,0,0,0.0,54,MID
Gabriel,Fernando de Jesus,0,0,5,112,2,33.0,17.0,60.0,0,27,10.9,0,0,3,0.9,68,FWD
Gabriel,dos Santos Magalhães,2,0,43,863,10,38.4,220.8,170.0,4,152,42.9,3,0,1,22.7,62,DEF
Kai,Havertz,4,1,45,900,11,112.4,217.2,353.0,7,167,68.3,3,0,1,15.1,81,FWD
Karl,Hein,0,0,0,0,0,0.0,0.0,0.0,0,0,0.0,0,0,0,0.0,40,GK
Jurriën,Timber,0,1,22,593,6,111.6,102.0,34.0,0,86,24.6,2,0,3,1.4,55,DEF
Jorge Luiz,Frello Filho,0,0,4,154,1,21.3,4.4,1.0,0,16,2.7,1,0,2,0.2,48,MID
Jakub,Kiwior,0,0,3,96,4,1.0,16.2,0.0,0,-3,1.7,0,0,0,0.2,48,DEF
Gabriel,Martinelli Silva,2,2,39,608,8,166.1,164.6,203.0,3,135,53.3,3,0,0,3.9,70,MID
Ethan,Nwaneri,0,0,5,52,0,12.6,15.4,17.0,0,18,4.6,0,0,0,0.3,45,MID
Martin,Ødegaard,0,0,7,253,1,75.0,34.4,60.0,0,29,17.0,2,0,1,3.2,82,MID
David,Raya Martin,0,0,40,900,11,0.0,244.0,0.0,6,137,24.5,3,0,2,30.0,56,GK
Declan,Rice,0,1,17,762,11,182.9,129.2,73.0,0,111,37.9,2,1,2,2.9,63,MID
Bukayo,Saka,3,7,65,740,8,379.8,329.2,365.0,10,272,107.3,3,0,1,25.2,101,MID
William,Saliba,0,0,21,749,9,9.7,119.4,4.0,0,104,13.4,3,1,2,22.9,60,DEF
Thomas,Partey,1,0,29,882,11,103.5,168.6,29.0,3,165,30.3,3,0,2,1.1,50,MID
Kieran,Tierney,0,0,0,0,0,0.0,0.0,0.0,0,0,0.0,0,0,0,0.0,43,DEF
Tomiyasu,Takehiro,0,0,1,6,0,0.3,0.4,9.0,0,2,1.0,0,0,0,0.0,48,DEF
Leandro,Trossard,2,1,30,567,8,115.1,125.6,131.0,3,103,37.0,2,1,0,2.4,69,MID
Benjamin,White,0,1,26,604,6,24.6,102.8,19.0,0,106,14.7,3,0,1,4.1,63,DEF
Oleksandr,Zinchenko,0,0,8,107,0,4.9,7.2,6.0,0,30,1.8,1,0,0,1.0,48,DEF
Norberto,Murara Neto,0,0,7,180,2,0.0,77.8,0.0,0,30,7.8,0,0,0,1.1,43,GK
Raheem,Sterling,0,0,4,121,1,15.9,4.8,47.0,0,10,6.7,0,0,0,1.0,67,MID
Riccardo,Calafiori,1,0,14,384,6,42.8,119.8,100.0,1,60,26.2,0,0,1,1.6,58,DEF
Myles,Lewis-Skelly,0,0,1,15,2,0.4,3.2,2.0,0,5,0.6,0,0,1,0.1,45,MID
Mikel,Merino,1,0,12,259,5,41.5,77.8,38.0,1,54,15.8,0,0,1,0.1,60,MID
Salah-Eddine,Oulad M'hand,0,0,0,0,0,0.0,0.0,0.0,0,0,0.0,0,0,0,0.0,45,MID
Tommy,Setford,0,0,0,0,0,0.0,0.0,0.0,0,0,0.0,0,0,0,0.0,45,GK
Maldini,Kacurri,0,0,0,0,0,0.0,0.0,0.0,0,0,0.0,0,0,0,0.1,40,DEF
Ayden,Heaven,0,0,0,0,0,0.0,0.0,0.0,0,0,0.0,0,0,0,0.0,40,DEF
Ismeal,Kabia,0,0,0,0,0,0.0,0.0,0.0,0,0,0.0,0,0,0,0.0,45,MID
Josh,Nichols,0,0,0,0,0,0.0,0.0,0.0,0,0,0.0,0,0,0,0.0,40,DEF
Nathan,Butler-Oyedeji,0,0,0,0,0,0.0,0.0,0.0,0,0,0.0,0,0,0,0.2,45,FWD
Leon,Bailey,0,2,18,427,6,118.6,60.2,70.0,0,62,24.8,1,0,2,1.1,63,MID
Ross,Barkley,1,1,15,271,3,65.8,88.8,94.0,0,57,24.8,1,0,3,0.4,52,MID
Enzo,Barrenechea,0,0,0,0,0,0.0,0.0,0.0,0,0,0.0,0,0,0,0.0,49,MID
Emiliano,Buendía Stati,0,0,4,20,0,7.0,3.4,3.0,0,14,1.3,0,0,0,0.1,53,MID
Matty,Cash,0,0,12,366,3,32.2,43.0,9.0,0,51,8.4,1,0,1,1.3,44,DEF
Leander,Dendoncker,0,0,0,0,0,0.0,0.0,0.0,0,0,0.0,0,0,0,0.3,45,MID
Moussa,Diaby,0,0,0,0,0,0.0,0.0,0.0,0,0,0.0,0,0,0,0.0,65,MID
Diego Carlos,Santos Silva,0,0,11,348,4,4.7,58.8,0.0,0,44,6.4,1,0,0,0.5,45,DEF
Lucas,Digne,0,3,35,678,9,150.4,155.2,32.0,6,140,33.8,2,0,3,9.6,47,DEF
Lewis,Dobbin,0,0,0,0,0,0.0,0.0,0.0,0,0,0.0,0,0,0,0.0,50,MID
Jhon,Durán,4,0,29,232,5,23.8,148.2,140.0,5,122,31.3,0,0,1,4.5,61,FWD
Joe,Gauci,0,0,0,0,0,0.0,0.0,0.0,0,0,0.0,0,0,0,0.9,40,GK
Kortney,Hause,0,0,0,0,0,0.0,0.0,0.0,0,0,0.0,0,0,0,0.6,40,DEF
Samuel,Iling-Junior,0,0,0,0,0,0.0,0.0,0.0,0,0,0.0,0,0,0,0.0,54,MID
Boubacar,Kamara,0,0,1,8,1,0.3,1.8,0.0,0,4,0.2,0,0,0,0.0,50,MID
Kaine,Kesler-Hayden,0,0,0,0,0,0.0,0.0,0.0,0,0,0.0,0,0,0,0.0,40,DEF
Ezri,Konsa Ngoyo,1,0,19,641,10,51.3,137.2,53.0,1,98,24.2,0,0,0,11.0,45,DEF
Ian,Maatsen,0,0,8,137,2,83.3,32.2,16.0,0,22,13.1,0,0,0,1.7,47,DEF
Filip,Marschall,0,0,0,0,0,0.0,0.0,0.0,0,0,0.0,0,0,0,0.0,40,GK
Emiliano,Martínez Romero,0,0,30,810,11,0.0,208.4,0.0,2,115,20.9,1,0,1,13.7,50,GK
John,McGinn,0,0,12,426,5,64.5,16.8,40.0,0,53,12.2,2,0,2,0.8,52,MID
Tyrone,Mings,0,0,0,0,0,0.0,0.0,0.0,0,0,0.0,0,0,0,0.1,44,DEF
Kosta,Nedeljković,0,0,3,93,2,6.3,22.2,0.0,0,13,2.9,0,0,0,1.2,40,DEF
Robin,Olsen,0,0,0,0,0,0.0,0.0,0.0,0,0,0.0,0,0,0,0.1,45,GK
Pau,Torres,0,0,18,810,11,40.4,120.6,27.0,0,93,18.8,1,0,1,1.9,45,DEF
Jacob,Ramsey,0,2,19,507,10,119.9,84.8,100.0,0,101,30.7,0,0,1,0.3,54,MID
Morgan,Rogers,2,2,35,741,9,154.0,168.4,174.0,3,110,49.8,1,0,2,22.4,54,MID
Viljami,Sinisalo,0,0,0,0,0,0.0,0.0,0.0,0,0,0.0,0,0,0,0.0,40,GK
Lino,da Cruz Sousa,0,0,0,0,0,0.0,0.0,0.0,0,0,0.0,0,0,0,0.1,40,DEF
Youri,Tielemans,0,3,31,803,11,306.0,208.4,59.0,5,187,57.3,1,0,2,1.5,55,MID
Ollie,Watkins,5,2,51,686,7,106.6,214.6,324.0,7,183,64.5,4,0,0,27.1,91,FWD
Amadou,Onana,2,0,27,541,8,50.6,150.0,126.0,5,119,32.8,1,0,3,5.9,50,MID
Jaden,Philogene,0,0,3,162,1,4.1,7.2,13.0,0,9,2.2,1,1,1,0.0,53,MID
Lamare,Bogarde,0,0,2,168,3,15.5,28.8,0.0,0,6,4.4,0,0,1,0.3,40,DEF
Sil,Swinkels,0,0,0,0,0,0.0,0.0,0.0,0,0,0.0,0,0,0,0.1,40,DEF
Oliwier,Zych,0,0,0,0,0,0.0,0.0,0.0,0,0,0.0,0,0,0,0.7,40,GK
Kadan,Young,0,0,0,0,0,0.0,0.0,0.0,0,0,0.0,0,0,0,0.3,45,MID
Max,Aarons,0,0,0,0,0,0.0,0.0,0.0,0,0,0.0,0,0,0,0.2,43,DEF
Tyler,Adams,0,0,1,33,1,0.1,0.6,0.0,0,4,0.1,0,0,1,0.0,49,MID
Jaidon,Anthony,0,0,0,0,0,0.0,0.0,0.0,0,0,0.0,0,0,0,0.2,45,MID
David,Brooks,0,0,3,31,1,15.6,6.6,0.0,0,17,2.2,0,0,0,0.0,49,MID
Ryan,Christie,1,0,22,625,8,115.7,115.6,63.0,0,125,29.5,3,0,4,0.2,49,MID
Lewis,Cook,1,2,31,893,12,232.0,212.4,55.0,2,174,50.0,1,0,3,0.3,50,MID
Enes,Ünal,0,0,7,135,2,27.3,10.0,47.0,0,14,7.9,1,0,1,0.0,54,FWD
Romain,Faivre,0,0,0,0,0,0.0,0.0,0.0,0,0,0.0,0,0,0,0.0,50,MID
Hamed,Traorè,0,0,0,0,0,0.0,0.0,0.0,0,0,0.0,0,0,0,0.1,45,MID
James,Hill,0,0,0,0,0,0.0,0.0,0.0,0,0,0.0,0,0,0,0.4,40,DEF
Daniel,Jebbison,0,0,2,26,0,10.6,3.2,2.0,0,7,1.6,0,0,0,1.5,45,FWD
Milos,Kerkez,0,2,27,837,12,118.5,109.4,29.0,1,108,25.8,1,0,2,0.5,44,DEF
Justin,Kluivert,1,2,28,546,6,111.7,103.2,159.0,2,82,37.4,4,0,4,0.3,53,MID
Chris,Mepham,0,0,0,0,0,0.0,0.0,0.0,0,0,0.0,0,0,0,0.0,44,DEF
Dango,Ouattara,1,1,22,412,4,77.5,115.4,108.0,1,96,30.2,1,0,0,0.0,50,MID
Alex,Paulsen,0,0,0,0,0,0.0,0.0,0.0,0,0,0.0,0,0,0,0.0,40,GK
Philip,Billing,0,0,2,21,1,4.7,5.2,4.0,0,5,1.4,0,0,0,0.1,48,MID
Alex,Scott,0,0,11,258,3,65.5,71.0,21.0,0,54,15.8,1,0,0,0.0,48,MID
Antoine,Semenyo,4,1,41,877,12,146.1,180.8,304.0,1,170,62.7,1,0,4,7.4,56,MID
Marcos,Senesi,0,0,19,706,8,59.2,166.0,14.0,3,87,24.1,1,0,3,0.6,48,DEF
Luis,Sinisterra,1,1,19,203,3,96.3,98.4,177.0,2,75,37.2,0,0,0,0.3,50,MID
Adam,Smith,0,0,18,521,5,31.7,48.8,2.0,0,61,8.2,1,0,2,0.2,45,DEF
Marcus,Tavernier,1,2,32,778,11,294.1,170.4,212.0,2,129,67.7,2,0,2,0.3,55,MID
Mark,Travers,0,0,10,270,3,0.0,66.4,0.0,1,38,6.6,0,0,0,0.2,44,GK
Illia,Zabarnyi,0,0,22,900,12,18.2,142.8,14.0,0,107,17.6,1,0,0,0.4,44,DEF
Kepa,Arrizabalaga,0,0,17,450,7,0.0,138.2,0.0,0,65,13.8,1,0,0,0.7,45,GK
Dean,Huijsen,0,0,4,194,4,31.4,39.0,4.0,0,13,7.5,0,0,1,0.1,43,DEF
Julián,Araujo Zúñiga,0,0,7,346,7,7.9,38.0,2.0,0,8,4.9,0,0,1,0.2,44,DEF
Will,Dennis,0,0,0,0,0,0.0,0.0,0.0,0,0,0.0,0,0,0,0.4,40,GK
Francisco Evanilson,de Lima Barbosa,3,1,36,615,8,64.0,88.4,171.0,6,134,32.2,4,0,0,0.6,59,FWD
Kristoffer,Ajer,0,0,7,637,12,40.6,71.8,47.0,0,23,15.9,0,0,3,0.3,45,DEF
Ethan,Brierley,0,0,0,0,0,0.0,0.0,0.0,0,0,0.0,0,0,0,0.1,45,MID
Nathan,Collins,1,3,27,810,18,34.0,283.0,156.0,1,105,47.3,0,0,1,2.4,45,DEF
Mikkel,Damsgaard,0,3,29,628,12,255.3,180.6,93.0,3,150,53.0,1,0,0,0.6,50,MID
Josh,Dasilva,0,0,0,0,0,0.0,0.0,0.0,0,0,0.0,0,0,0,0.0,48,MID
Mark,Flekken,0,0,24,810,18,0.1,365.4,0.0,0,128,36.4,0,0,0,12.3,45,GK
Rico,Henry,0,0,0,0,0,0.0,0.0,0.0,0,0,0.0,0,0,0,0.0,43,DEF
Aaron,Hickey,0,0,0,0,0,0.0,0.0,0.0,0,0,0.0,0,0,0,0.0,44,DEF
Vitaly,Janelt,0,2,24,724,17,114.0,120.6,33.0,0,152,26.9,1,0,1,0.2,49,MID
Mathias,Jensen,0,1,10,250,4,100.6,40.6,5.0,1,44,14.7,0,0,1,0.1,53,MID
Kim,Ji-soo,0,0,0,0,0,0.0,0.0,0.0,0,0,0.0,0,0,0,0.3,39,DEF
Yunus Emre,Konak,0,0,3,17,2,1.5,1.2,3.0,0,4,0.4,0,0,0,0.1,45,MID
Keane,Lewis-Potter,0,3,24,601,15,91.7,113.8,126.0,0,103,33.1,0,0,1,0.1,50,MID
Bryan,Mbeumo,8,0,68,809,18,281.5,371.4,246.0,12,280,90.0,0,0,2,40.6,78,MID
Ben,Mee,0,0,1,1,0,0.1,0.0,0.0,0,3,0.0,0,0,0,0.5,43,DEF
Christian,Nørgaard,1,0,17,603,12,63.5,131.4,78.0,0,122,27.4,0,0,2,0.2,48,MID
Frank,Onyeka,0,0,2,23,0,0.5,0.0,0.0,0,3,0.0,0,0,0,0.0,49,MID
Myles,Peart-Harris,0,0,0,0,0,0.0,0.0,0.0,0,0,0.0,0,0,0,0.0,45,MID
Ethan,Pinnock,2,0,21,810,18,50.4,270.6,163.0,0,97,48.4,0,0,1,1.3,45,DEF
Mads,Roerslev Rasmussen,0,1,12,354,9,79.2,64.8,11.0,0,29,15.6,0,0,0,0.1,44,DEF
Kevin,Schade,0,1,17,457,8,31.6,45.8,121.0,0,44,19.9,1,0,0,0.1,52,MID
Igor Thiago,Nascimento Rodrigues,0,0,0,0,0,0.0,0.0,0.0,0,0,0.0,0,0,0,0.0,59,FWD
Ivan,Toney,0,0,0,0,0,0.0,0.0,0.0,0,0,0.0,0,0,0,1.3,73,FWD
Hákon,Valdimarsson,0,0,0,0,0,0.0,0.0,0.0,0,0,0.0,0,0,0,3.2,40,GK
Yoane,Wissa,4,2,39,404,9,61.5,170.8,207.0,8,160,44.0,0,0,1,5.4,60,FWD
Yehor,Yarmoliuk,0,0,5,126,3,25.4,30.2,8.0,0,24,6.2,0,0,1,3.1,44,MID
Mathias,Jorgensen,0,0,0,0,0,0.0,0.0,0.0,0,0,0.0,0,0,0,0.0,45,DEF
Fábio,Freitas Gouveia Carvalho,1,1,20,264,8,40.3,83.0,75.0,1,74,19.6,0,0,0,1.3,48,MID
Sepp,van den Berg,0,0,8,551,15,36.4,118.0,74.0,0,25,22.8,0,0,0,3.1,40,DEF
Ryan,Trevitt,0,0,1,3,0,0.1,2.6,0.0,0,5,0.3,0,0,0,0.1,45,MID
Gustavo,Nunes Fernandes Gomes,0,0,0,0,0,0.0,0.0,0.0,0,0,0.0,0,0,0,0.0,49,MID
Jayden,Meghoma,0,0,0,0,0,0.0,0.0,0.0,0,0,0.0,0,0,0,0.0,40,DEF
Tony,Yogane,0,0,0,0,0,0.0,0.0,0.0,0,0,0.0,0,0,0,0.0,45,MID
Simon,Adingra,1,1,15,137,1,32.5,58.4,49.0,0,48,14.0,0,0,0,0.4,54,MID
Benicio,Baker-Boaitey,0,0,0,0,0,0.0,0.0,0.0,0,0,0.0,0,0,0,0.0,45,MID
Carlos,Baleba,1,1,27,570,8,96.2,145.4,76.0,2,135,31.8,3,0,1,0.3,50,MID
Valentín,Barco,0,0,0,0,0,0.0,0.0,0.0,0,0,0.0,0,0,0,4.3,40,DEF
Amario,Cozier-Duberry,0,0,0,0,0,0.0,0.0,0.0,0,0,0.0,0,0,0,0.0,45,MID
Mahmoud,Dahoud,0,0,0,0,0,0.0,0.0,0.0,0,0,0.0,0,0,0,0.0,49,MID
Lewis,Dunk,0,0,22,705,10,61.0,133.2,18.0,0,104,21.2,3,0,2,5.2,45,DEF
Julio,Enciso,0,0,7,84,1,58.9,23.4,31.0,0,31,11.2,0,0,0,0.1,54,MID
Pervis,Estupiñán,0,0,4,432,10,121.3,78.4,35.0,0,33,23.6,0,0,2,0.5,50,DEF
Evan,Ferguson,1,0,12,100,2,2.2,40.4,23.0,2,42,6.5,0,0,0,0.4,55,FWD
Billy,Gilmour,0,0,3,97,1,11.9,11.4,2.0,0,21,2.5,0,0,0,0.0,50,MID
Pascal,Groß,0,0,0,0,0,0.0,0.0,0.0,0,0,0.0,0,0,0,0.0,65,MID
Jack,Hinshelwood,1,0,27,783,12,104.8,101.8,59.0,3,124,26.7,3,0,2,0.1,50,MID
Ibrahim,Osman,0,0,0,0,0,0.0,0.0,0.0,0,0,0.0,0,0,0,0.0,50,MID
Igor Julio,dos Santos de Paulo,0,0,8,384,6,7.8,56.4,4.0,0,53,6.8,1,0,2,0.1,44,DEF
João Pedro,Junqueira de Jesus,2,0,19,280,2,50.6,98.8,97.0,5,87,24.6,1,0,1,6.6,54,FWD
Kacper,Kozłowski,0,0,0,0,0,0.0,0.0,0.0,0,0,0.0,0,0,0,0.0,45,MID
Tariq,Lamptey,0,1,3,10,2,10.4,22.2,0.0,0,5,3.3,0,0,0,0.2,44,DEF
Solly,March,0,0,0,0,0,0.0,0.0,0.0,0,0,0.0,0,0,0,0.0,65,MID
Adrian,Mazilu,0,0,0,0,0,0.0,0.0,0.0,0,0,0.0,0,0,0,0.0,45,MID
James,Milner,0,0,5,169,1,66.3,28.6,12.0,0,24,10.7,1,0,1,0.0,50,MID
Yankuba,Minteh,1,2,21,405,5,129.2,90.2,107.0,0,74,32.6,1,0,2,0.7,53,MID
Mitoma,Kaoru,1,3,36,825,13,173.9,159.0,286.0,1,149,61.9,2,0,0,5.7,65,MID
Jakub,Moder,0,0,1,3,0,0.0,0.0,0.0,0,4,0.0,0,0,0,1.0,44,MID
Mark,O’Mahony,0,0,0,0,0,0.0,0.0,0.0,0,0,0.0,0,0,0,0.3,45,FWD
Odeluga,Offiah,0,0,0,0,0,0.0,0.0,0.0,0,0,0.0,0,0,0,0.1,40,DEF
Cameron,Peupion,0,0,0,0,0,0.0,0.0,0.0,0,0,0.0,0,0,0,0.1,45,MID
Jeremy,Sarmiento Morante,0,0,1,8,0,0.8,0.2,0.0,0,3,0.1,0,0,0,0.0,49,MID
Jason,Steele,0,0,9,180,1,0.0,40.4,0.0,1,46,4.1,1,0,0,1.3,43,GK
Deniz,Undav,0,0,0,0,0,0.0,0.0,0.0,0,0,0.0,0,0,0,0.0,55,FWD
Jan Paul,van Hecke,0,1,22,639,8,44.4,138.6,18.0,0,111,20.2,2,0,1,0.5,45,DEF
Joël,Veltman,0,0,30,776,10,58.2,106.8,16.0,5,124,18.2,3,0,1,3.4,45,DEF
Bart,Verbruggen,0,0,25,720,13,0.0,202.6,0.0,2,111,20.3,2,0,2,1.9,45,GK
Adam,Webster,0,0,1,78,4,1.8,20.4,2.0,0,7,2.4,0,0,0,0.1,43,DEF
Danny,Welbeck,6,2,62,838,12,128.0,254.8,312.0,13,233,69.5,4,0,1,19.8,59,FWD
Mats,Wieffer,0,1,12,233,7,41.8,59.6,19.0,0,40,11.9,1,0,0,0.1,48,MID
Brajan,Gruda,0,0,3,35,2,0.1,4.0,4.0,0,5,0.8,0,0,0,0.0,54,MID
Yasin,Ayari,0,0,14,444,5,119.2,66.4,62.0,0,72,24.9,2,0,1,0.0,50,MID
Andrew,Moran,0,0,0,0,0,0.0,0.0,0.0,0,0,0.0,0,0,0,0.0,50,MID
Carl,Rushworth,0,0,0,0,0,0.0,0.0,0.0,0,0,0.0,0,0,0,0.1,40,GK
Georginio,Rutter,2,3,38,538,10,117.4,119.0,140.0,1,104,37.0,3,0,1,1.5,55,MID
Ferdi,Kadioglu,1,0,19,385,8,63.1,59.8,17.0,0,59,14.0,2,0,1,0.2,45,DEF
Matt,O'Riley,0,0,0,0,0,0.0,0.0,0.0,0,0,0.0,0,0,0,0.0,55,MID
Imari,Samuels,0,0,0,0,0,0.0,0.0,0.0,0,0,0.0,0,0,0,0.0,40,DEF
Killian,Cahill,0,0,0,0,0,0.0,0.0,0.0,0,0,0.0,0,0,0,0.0,40,GK
Andrey,Nascimento dos Santos,0,0,0,0,0,0.0,0.0,0.0,0,0,0.0,0,0,0,0.0,45,MID
Ângelo Gabriel,Borges Damaceno,0,0,0,0,0,0.0,0.0,0.0,0,0,0.0,0,0,0,0.2,45,MID
Benoît,Badiashile,0,0,1,37,0,0.9,8.2,0.0,0,11,0.9,0,0,0,0.1,43,DEF
Lucas,Bergström,0,0,0,0,0,0.0,0.0,0.0,0,0,0.0,0,0,0,0.3,40,GK
Marcus,Bettinelli,0,0,0,0,0,0.0,0.0,0.0,0,0,0.0,0,0,0,0.3,40,GK
Moisés,Caicedo Corozo,0,2,24,795,11,147.4,183.0,19.0,0,155,35.0,2,0,2,1.0,49,MID
Cesare,Casadei,0,0,0,0,0,0.0,0.0,0.0,0,0,0.0,0,0,0,0.1,45,MID
Ben,Chilwell,0,0,0,0,0,0.0,0.0,0.0,0,0,0.0,0,0,0,0.5,47,DEF
Carney,Chukwuemeka,0,0,0,0,0,0.0,0.0,0.0,0,0,0.0,0,0,0,0.0,48,MID
Levi,Colwill,0,0,21,810,11,38.7,167.4,34.0,1,108,24.1,2,0,2,3.0,46,DEF
Marc,Cucurella Saseta,0,0,16,602,7,36.5,95.8,14.0,0,90,14.6,2,0,5,4.2,50,DEF
David Datro,Fofana,0,0,0,0,0,0.0,0.0,0.0,0,0,0.0,0,0,0,0.1,54,FWD
Deivid Washington,de Souza Eugênio,0,0,0,0,0,0.0,0.0,0.0,0,0,0.0,0,0,0,0.1,50,FWD
Kiernan,Dewsbury-Hall,0,0,3,44,1,12.4,7.4,0.0,0,9,2.0,0,0,0,0.1,56,MID
Axel,Disasi,0,0,7,94,0,1.5,13.0,0.0,0,29,1.5,1,0,0,0.3,43,DEF
Enzo,Fernández,0,0,14,566,8,160.3,85.2,57.0,0,89,30.3,1,0,1,1.2,48,MID
Conor,Gallagher,0,0,0,0,0,0.0,0.0,0.0,0,0,0.0,0,0,0,0.2,59,MID
Alfie,Gilchrist,0,0,0,0,0,0.0,0.0,0.0,0,0,0.0,0,0,0,0.0,40,DEF
Malo,Gusto,0,0,9,600,11,63.1,87.4,51.0,0,47,20.2,0,0,1,1.6,49,DEF
Reece,James,0,0,2,142,3,16.2,27.2,0.0,0,18,4.3,0,0,0,0.5,49,DEF
Omari,Kellyman,0,0,0,0,0,0.0,0.0,0.0,0,0,0.0,0,0,0,0.0,44,MID
Roméo,Lavia,0,1,8,199,4,35.4,52.0,0.0,0,51,8.8,0,0,1,0.9,45,MID
Romelu,Lukaku Bolingoli,0,0,0,0,0,0.0,0.0,0.0,0,0,0.0,0,0,0,0.2,63,FWD
Malang,Sarr,0,0,0,0,0,0.0,0.0,0.0,0,0,0.0,0,0,0,0.0,45,DEF
Noni,Madueke,4,1,46,617,9,132.7,194.4,329.0,6,163,65.7,2,0,1,8.3,65,MID
Marc,Guiu Paz,0,0,1,24,1,0.3,0.0,0.0,0,2,0.0,0,0,0,0.6,48,FWD
Mykhailo,Mudryk,0,0,5,104,2,29.8,20.0,19.0,0,23,6.8,0,0,0,0.2,62,MID
Nicolas,Jackson,6,3,57,688,10,126.6,278.2,335.0,9,231,74.0,2,0,3,17.8,79,FWD
Christopher,Nkunku,1,0,14,151,1,51.4,62.8,112.0,1,51,22.4,0,0,1,2.6,59,MID
Cole,Palmer,7,5,79,775,11,336.3,409.4,241.0,12,322,98.8,2,0,3,56.2,110,MID
Đorđe,Petrović,0,0,0,0,0,0.0,0.0,0.0,0,0,0.0,0,0,0,0.2,44,GK
Renato,Palma Veiga,0,0,5,164,1,8.4,30.4,19.0,0,17,5.8,1,0,2,0.2,45,MID
Robert,Sánchez,0,0,39,810,11,0.0,286.0,0.0,5,154,28.5,2,0,2,11.6,47,GK
Tosin,Adarabioyo,0,0,7,171,2,11.7,38.6,0.0,0,42,5.1,1,0,1,0.2,43,DEF
Wesley,Fofana,0,0,12,686,9,51.8,133.0,16.0,2,77,20.2,1,0,6,0.5,45,DEF
Jadon,Sancho,0,4,19,305,4,116.5,75.8,41.0,1,79,23.3,0,0,1,1.4,63,MID
Pedro,Lomba Neto,0,2,14,375,4,174.8,90.0,67.0,1,70,33.2,0,0,3,0.7,62,MID
Caleb,Wiley,0,0,0,0,0,0.0,0.0,0.0,0,0,0.0,0,0,0,0.0,40,DEF
Filip,Jørgensen,0,0,0,0,0,0.0,0.0,0.0,0,0,0.0,0,0,0,0.2,43,GK
João,Félix Sequeira,1,0,9,118,0,19.9,45.0,57.0,0,33,12.1,0,0,1,0.5,61,MID
Eddie,Nketiah,0,0,12,477,8,61.9,34.4,138.0,0,58,23.2,1,0,1,0.7,59,FWD
Trevoh,Chalobah,1,0,19,339,4,16.6,58.8,42.0,2,65,11.8,1,0,0,0.3,44,DEF
Naouirou,Ahamada,0,0,0,0,0,0.0,0.0,0.0,0,0,0.0,0,0,0,0.1,45,MID
Cheick,Doucouré,0,1,6,91,1,5.9,17.6,6.0,0,20,2.9,0,0,0,0.1,49,MID
Chris,Richards,0,0,9,343,5,3.6,56.8,6.0,0,35,6.7,1,0,1,0.1,44,DEF
Chadi,Riad Dnanou,0,0,1,90,2,1.3,18.2,0.0,0,3,2.0,0,0,0,0.1,43,DEF
Nathaniel,Clyne,0,0,9,226,3,2.9,31.4,3.0,0,37,3.7,1,0,0,0.1,44,DEF
Malcolm,Ebiowei,0,0,0,0,0,0.0,0.0,0.0,0,0,0.0,0,0,0,0.0,45,MID
Eberechi,Eze,1,1,31,810,11,252.9,158.2,266.0,3,144,67.6,2,0,0,11.1,67,MID
Marc,Guéhi,1,0,30,882,13,39.8,267.4,56.0,2,140,36.4,2,0,1,6.7,44,DEF
Dean,Henderson,0,0,33,882,13,0.0,229.2,4.0,3,117,23.3,2,0,1,10.6,44,GK
Rob,Holding,0,0,0,0,0,0.0,0.0,0.0,0,0,0.0,0,0,0,0.1,43,DEF
Will,Hughes,0,0,10,446,7,110.1,65.2,30.0,0,46,20.4,1,0,4,0.0,49,MID
Daichi,Kamada,0,0,15,523,9,108.2,74.0,50.0,0,69,23.3,1,0,2,0.2,51,MID
Jefferson,Lerma Solís,0,0,9,414,5,56.2,55.4,18.0,0,51,13.0,1,0,3,0.1,48,MID
Jean-Philippe,Mateta,3,0,33,644,10,89.5,115.2,131.0,6,122,33.2,1,0,1,3.1,73,FWD
Matheus,França de Oliveira,0,0,0,0,0,0.0,0.0,0.0,0,0,0.0,0,0,0,0.5,44,MID
Remi,Matthews,0,0,0,0,0,0.0,0.0,0.0,0,0,0.0,0,0,0,0.6,40,GK
Tyrick,Mitchell,0,1,25,832,13,151.7,165.2,44.0,0,126,36.2,2,0,0,1.7,49,DEF
Daniel,Muñoz,0,1,22,798,13,135.7,142.0,87.0,0,88,36.5,2,0,3,1.7,48,DEF
David,Ozoh,0,0,0,0,0,0.0,0.0,0.0,0,0,0.0,0,0,0,0.0,45,MID
Jesurun,Rak-Sakyi,0,0,0,0,0,0.0,0.0,0.0,0,0,0.0,0,0,0,0.0,45,MID
Jeffrey,Schlupp,0,0,6,46,0,18.5,15.2,25.0,0,22,5.7,0,0,0,0.1,47,MID
Joel,Ward,0,0,0,0,0,0.0,0.0,0.0,0,0,0.0,0,0,0,0.1,43,DEF
Adam,Wharton,0,0,15,621,9,131.4,112.6,53.0,0,104,29.7,1,0,0,0.3,48,MID
Matt,Turner,0,0,0,0,0,0.0,0.0,0.0,0,0,0.0,0,0,0,12.6,40,GK
Ismaïla,Sarr,0,1,16,372,4,82.0,36.2,132.0,0,68,25.0,1,0,1,0.2,57,MID
Franco,Umeh-Chibueze,0,0,0,0,0,0.0,0.0,0.0,0,0,0.0,0,0,0,0.0,45,MID
Justin,Devenny,0,0,0,0,0,0.0,0.0,0.0,0,0,0.0,0,0,0,0.0,45,MID
Asher,Agbinone,0,0,1,2,0,10.3,0.0,1.0,0,2,1.1,0,0,0,0.0,45,MID
Kaden,Rodney,0,0,0,0,0,0.0,0.0,0.0,0,0,0.0,0,0,0,0.0,45,MID
Maxence,Lacroix,0,1,20,612,8,37.8,121.8,19.0,0,90,17.9,2,0,2,0.1,45,DEF
Caleb,Kporha,0,0,0,0,0,0.0,0.0,0.0,0,0,0.0,0,0,0,0.0,40,DEF
Armando,Broja,0,0,0,0,0,0.0,0.0,0.0,0,0,0.0,0,0,0,0.1,54,FWD
Abdoulaye,Doucouré,0,0,16,564,10,91.6,66.4,38.0,0,65,19.5,2,0,0,0.2,52,MID
Norberto Bercique,Gomes Betuncal,1,0,12,80,5,0.3,36.2,57.0,2,37,9.4,0,0,0,0.7,50,FWD
Jarrad,Branthwaite,0,0,4,96,1,0.8,22.4,0.0,0,24,2.3,0,0,0,0.8,48,DEF
Dominic,Calvert-Lewin,2,1,33,824,12,46.6,125.0,280.0,3,83,45.0,3,0,1,4.9,60,FWD
Séamus,Coleman,0,0,1,90,3,1.1,16.6,21.0,0,-1,3.9,0,0,0,0.0,43,DEF
Idrissa,Gueye,0,0,17,643,14,17.4,66.4,36.0,0,86,12.0,1,0,0,0.1,49,MID
James,Garner,0,0,7,251,4,20.9,54.0,5.0,0,36,7.9,1,0,1,0.0,50,MID
Jack,Harrison,0,1,21,619,12,124.5,70.6,90.0,0,74,28.3,2,0,0,0.2,53,MID
Mason,Holgate,0,0,1,5,1,0.0,0.0,0.0,0,-1,0.0,0,0,0,0.2,40,DEF
Tim,Iroegbunam,0,0,8,381,13,27.1,47.0,29.0,0,29,10.4,0,0,2,0.7,45,MID
João,Neves Virgínia,0,0,0,0,0,0.0,0.0,0.0,0,0,0.0,0,0,0,0.4,40,GK
Michael,Keane,2,0,32,810,16,22.3,208.0,65.0,3,89,29.7,2,0,4,11.4,43,DEF
Neal,Maupay,0,0,0,0,0,0.0,0.0,0.0,0,0,0.0,0,0,0,0.4,49,FWD
Dwight,McNeil,3,3,51,887,17,407.6,244.2,146.0,6,232,79.8,2,0,1,11.8,58,MID
Vitalii,Mykolenko,0,0,16,655,13,68.6,90.2,9.0,1,57,16.9,1,0,0,4.3,43,DEF
Iliman,Ndiaye,2,0,31,713,9,89.5,168.8,120.0,6,145,38.0,4,0,1,1.4,54,FWD
Nathan,Patterson,0,0,0,0,0,0.0,0.0,0.0,0,0,0.0,0,0,0,0.0,44,DEF
Jordan,Pickford,0,0,35,900,17,0.1,223.0,0.0,3,108,22.2,2,0,1,10.3,49,GK
James,Tarkowski,0,0,22,900,17,55.1,200.8,64.0,2,77,32.1,2,0,3,1.5,48,DEF
Youssef,Ramalho Chermiti,0,0,0,0,0,0.0,0.0,0.0,0,0,0.0,0,0,0,0.0,49,FWD
Ashley,Young,0,3,29,695,10,108.0,155.8,9.0,2,104,27.3,2,1,1,1.2,45,DEF
Jesper,Lindstrøm,0,0,9,256,4,47.3,35.2,57.0,0,44,13.9,1,0,0,0.1,51,MID
Jake,O'Brien,0,0,0,26,1,0.4,4.0,0.0,0,-2,0.4,0,0,1,0.2,47,DEF
Harrison,Armstrong,0,0,1,1,0,0.1,0.0,2.0,0,4,0.2,0,0,0,0.2,45,MID
Jenson,Metcalfe,0,0,0,0,0,0.0,0.0,0.0,0,0,0.0,0,0,0,0.0,45,MID
Asmir,Begovic,0,0,0,0,0,0.0,0.0,0.0,0,0,0.0,0,0,0,0.3,40,GK
Roman,Dixon,0,0,0,90,4,0.3,15.4,0.0,0,0,1.6,0,0,0,0.1,40,DEF
Orel,Mangala,0,0,10,363,4,29.0,36.0,8.0,0,52,7.3,0,0,0,0.0,50,MID
Reiss,Nelson,1,1,15,120,4,73.1,76.2,64.0,1,62,21.3,0,0,1,0.1,50,MID
Emile,Smith Rowe,2,2,41,626,7,121.7,150.6,103.0,5,152,37.6,4,0,1,26.9,57,MID
Joachim,Andersen,0,0,11,513,10,19.8,134.8,33.0,2,57,18.8,1,1,1,7.1,43,DEF
Adama,Traoré,1,2,33,690,9,208.7,144.2,196.0,3,136,54.9,3,0,2,3.7,51,MID
Andreas,Hoelgebaum Pereira,1,1,26,689,8,383.1,105.8,111.0,1,116,60.0,3,0,2,1.7,53,MID
Calvin,Bassey,0,0,17,810,12,10.3,149.6,15.0,0,87,17.4,1,0,3,0.4,45,DEF
Steven,Benda,0,0,0,0,0,0.0,0.0,0.0,0,0,0.0,0,0,0,0.5,40,GK
Tom,Cairney,0,0,4,102,3,49.6,25.6,4.0,0,34,8.1,0,0,2,0.0,48,MID
Timothy,Castagne,0,0,1,13,1,0.7,8.8,0.0,0,-2,1.0,0,0,0,0.8,42,DEF
Issa,Diop,0,0,8,390,5,23.2,80.6,36.0,0,36,13.7,0,0,1,0.2,44,DEF
Luke,Harris,0,0,0,0,0,0.0,0.0,0.0,0,0,0.0,0,0,0,0.0,45,MID
Alex,Iwobi,2,1,40,767,9,220.0,198.8,170.0,6,177,58.8,3,0,0,2.0,55,MID
Bernd,Leno,0,1,28,810,12,10.0,251.4,0.0,0,122,26.1,1,0,2,2.5,50,GK
Saša,Lukić,0,0,11,548,6,61.5,65.2,2.0,0,68,12.9,2,0,4,0.0,49,MID
Kevin,Mbabu,0,0,0,0,0,0.0,0.0,0.0,0,0,0.0,0,0,0,0.2,40,DEF
Rodrigo,Muniz Carvalho,1,1,19,288,5,53.1,70.2,160.0,1,75,28.3,1,0,0,2.1,57,FWD
Raúl,Jiménez,4,1,41,516,7,103.9,188.4,293.0,7,161,58.8,3,0,0,11.3,58,FWD
Tim,Ream,0,0,0,0,0,0.0,0.0,0.0,0,0,0.0,0,0,0,0.0,45,DEF
Harrison,Reed,0,0,5,53,2,17.3,8.6,9.0,0,21,3.5,0,0,2,0.0,48,MID
Antonee,Robinson,0,2,28,810,12,129.3,215.2,33.0,3,117,37.9,1,0,1,15.5,47,DEF
Jay,Stansfield,0,0,1,1,0,0.0,0.0,0.0,0,2,0.0,0,0,0,0.0,50,FWD
Kenny,Tete,0,0,18,796,11,63.9,126.6,87.0,0,63,27.8,1,0,2,0.4,45,DEF
Carlos Vinícius,Alves Morais,0,0,0,0,0,0.0,0.0,0.0,0,0,0.0,0,0,0,0.3,50,FWD
Harry,Wilson,0,0,4,57,2,7.8,2.2,12.0,0,14,2.0,0,0,1,0.1,52,MID
Ryan,Sessegnon,0,0,0,0,0,0.0,0.0,0.0,0,0,0.0,0,0,0,0.1,43,DEF
Jorge,Cuenca Barreno,0,0,1,1,1,0.0,4.2,0.0,0,1,0.4,0,0,0,0.0,44,DEF
Josh,King,0,0,0,0,0,0.0,0.0,0.0,0,0,0.0,0,0,0,0.1,45,MID
Martial,Godo,0,0,0,0,0,0.0,0.0,0.0,0,0,0.0,0,0,0,0.0,45,MID
Sander,Berge,0,0,10,341,8,61.0,66.0,4.0,0,52,13.0,0,0,0,0.0,50,MID
Ali,Al-Hamadi,0,0,1,32,1,11.5,4.0,4.0,0,0,2.0,0,0,2,0.3,48,FWD
Elkan,Baggott,0,0,0,0,0,0.0,0.0,0.0,0,0,0.0,0,0,0,0.0,40,DEF
Nathan,Broadhead,0,0,0,0,0,0.0,0.0,0.0,0,0,0.0,0,0,0,0.0,49,MID
Cameron,Burgess,0,0,3,270,7,15.5,54.8,35.0,0,24,10.6,0,0,0,1.4,39,DEF
Wes,Burns,0,0,10,406,12,61.4,26.4,25.0,0,54,10.5,0,0,1,0.0,49,MID
Conor,Chaplin,0,1,15,275,4,54.0,37.8,25.0,0,58,11.7,1,0,1,0.1,52,MID
Harry,Clarke,0,0,-4,95,4,4.4,1.6,0.0,0,-21,0.5,0,1,0,0.0,40,DEF
Leif,Davis,1,2,29,900,21,305.9,159.2,41.0,3,121,50.7,1,0,1,2.3,45,DEF
Liam,Delap,5,0,40,706,16,63.9,185.6,186.0,4,162,43.2,1,0,2,5.7,57,FWD
George,Edmundson,0,0,1,1,0,0.0,0.0,0.0,0,3,0.0,0,0,0,0.1,40,DEF
Jacob,Greaves,0,0,11,630,14,4.7,154.8,55.0,0,53,21.5,1,0,1,4.5,41,DEF
Marcus,Myers-Harness,0,0,2,43,2,1.9,9.4,6.0,0,4,1.7,0,0,0,0.0,49,MID
George,Hirst,1,1,16,154,4,35.7,56.8,64.0,2,55,15.8,0,0,1,0.1,54,FWD
Cameron,Humphreys,0,0,0,0,0,0.0,0.0,0.0,0,0,0.0,0,0,0,0.0,45,MID
Omari,Giraud-Hutchinson,0,1,21,784,16,109.8,79.0,91.0,1,84,28.1,2,0,3,0.3,53,MID
Ben,Johnson,0,1,6,311,11,20.6,59.4,0.0,0,17,8.0,0,0,0,2.2,40,DEF
Freddie,Ladapo,0,0,0,0,0,0.0,0.0,0.0,0,0,0.0,0,0,0,0.8,45,FWD
Massimo,Luongo,0,0,6,142,4,4.3,25.0,0.0,0,22,3.0,0,0,0,0.4,45,MID
Sam,Morsy,1,1,25,803,17,89.1,137.0,16.0,2,144,24.2,1,0,4,0.2,49,MID
Corrie,Ndaba,0,0,0,0,0,0.0,0.0,0.0,0,0,0.0,0,0,0,0.0,40,DEF
Cieran,Slicker,0,0,0,0,0,0.0,0.0,0.0,0,0,0.0,0,0,0,0.7,40,GK
Jack,Taylor,0,0,4,128,2,8.6,17.6,21.0,0,11,4.6,0,0,2,0.0,48,MID
Axel,Tuanzebe,0,0,11,512,10,43.0,102.0,19.0,0,46,16.4,1,0,1,2.5,40,DEF
Christian,Walton,0,0,2,90,2,0.0,28.2,0.0,0,9,2.8,0,0,0,0.2,44,GK
Luke,Woolfenden,0,0,4,377,10,2.8,72.2,6.0,0,23,8.2,0,0,1,1.8,40,DEF
Kalvin,Phillips,0,0,11,536,14,49.2,68.4,11.0,0,69,12.9,1,1,1,0.1,49,MID
Arijanet,Muric,0,0,26,810,19,0.0,245.4,0.0,3,82,24.6,1,0,1,1.2,44,GK
Conor,Townsend,0,0,1,1,1,10.0,4.0,0.0,0,2,1.4,0,0,0,0.4,40,DEF
Sam,Szmodics,2,0,25,467,8,48.6,95.6,87.0,0,70,23.0,1,0,1,0.3,58,MID
Jens,Cajuste,0,0,5,179,5,32.1,18.8,1.0,0,24,5.2,0,0,1,0.1,45,MID
Dara,O'Shea,0,0,12,602,14,3.3,129.8,48.0,1,52,18.2,1,0,1,0.8,40,DEF
Jack,Clarke,0,1,13,334,10,63.7,54.4,42.0,0,49,15.8,0,0,1,0.0,55,MID
Chiedozie,Ogbene,0,0,7,237,3,30.2,22.8,12.0,0,29,6.4,0,0,0,0.0,50,MID
Facundo,Buonanotte,3,2,37,639,11,187.7,217.6,142.0,3,158,54.7,1,0,4,3.1,51,MID
Jordan,Ayew,2,0,21,425,8,73.1,57.6,72.0,0,80,20.1,1,0,4,0.2,52,MID
Odsonne,Edouard,0,0,6,139,3,25.0,3.0,50.0,0,9,7.8,0,0,0,0.3,53,FWD
Boubakary,Soumaré,0,0,2,48,0,1.6,1.2,0.0,0,7,0.3,0,0,2,0.3,44,MID
Tom,Cannon,0,0,0,0,0,0.0,0.0,0.0,0,0,0.0,0,0,0,0.5,45,FWD
Hamza,Choudhury,0,0,1,14,1,0.0,3.0,0.0,0,4,0.3,0,0,0,0.4,44,MID
Conor,Coady,0,0,0,7,1,0.0,2.0,0.0,0,-6,0.2,0,0,1,0.3,40,DEF
Patson,Daka,0,0,0,0,0,0.0,0.0,0.0,0,0,0.0,0,0,0,0.1,48,FWD
Bobby,De Cordova-Reid,0,0,8,159,4,14.9,9.4,19.0,0,21,4.3,0,0,0,0.1,52,MID
Wout,Faes,1,0,22,900,18,19.8,243.2,62.0,0,86,32.5,1,0,1,13.1,42,DEF
Michael,Golding,0,0,0,0,0,0.0,0.0,0.0,0,0,0.0,0,0,0,0.3,44,MID
Mads,Hermansen,0,0,27,900,18,0.2,338.0,0.0,0,123,33.9,1,0,0,1.0,45,GK
Daniel,Iversen,0,0,0,0,0,0.0,0.0,0.0,0,0,0.0,0,0,0,0.6,40,GK
James,Justin,2,1,31,810,17,74.4,229.4,72.0,2,120,37.6,1,0,1,4.8,46,DEF
Victor,Kristiansen,0,0,14,767,15,124.1,159.4,0.0,0,89,28.3,1,0,1,0.1,45,DEF
Wanya,Marçal-Madivádua,0,0,0,0,0,0.0,0.0,0.0,0,0,0.0,0,0,0,0.0,45,MID
Stephy,Mavididi,2,0,29,608,10,131.0,114.0,100.0,3,98,34.1,1,0,2,1.0,53,MID
Kasey,McAteer,0,0,4,29,0,0.5,5.2,6.0,0,10,1.1,0,0,0,0.0,48,MID
Wilfred,Ndidi,0,4,29,846,16,116.8,223.4,104.0,1,162,44.4,1,0,3,0.6,50,MID
Caleb,Okoli,0,0,13,630,13,6.6,194.8,36.0,1,72,23.7,1,0,1,1.4,40,DEF
Ricardo,Barbosa Pereira,0,0,2,146,4,2.3,9.4,0.0,0,10,1.2,0,0,1,0.1,42,DEF
Harry,Souttar,0,0,0,0,0,0.0,0.0,0.0,0,0,0.0,0,0,0,0.0,40,DEF
Jakub,Stolarczyk,0,0,0,0,0,0.0,0.0,0.0,0,0,0.0,0,0,0,0.0,40,GK
Luke,Thomas,0,0,0,0,0,0.0,0.0,0.0,0,0,0.0,0,0,0,1.0,39,DEF
Jamie,Vardy,4,1,43,843,18,71.9,162.2,172.0,7,163,40.4,1,0,3,11.6,57,FWD
Jannik,Vestergaard,0,0,4,270,4,0.6,37.8,7.0,0,20,4.5,0,0,1,2.0,40,DEF
Danny,Ward,0,0,0,0,0,0.0,0.0,0.0,0,0,0.0,0,0,0,2.2,40,GK
Harry,Winks,0,2,20,765,16,189.3,138.4,4.0,0,138,33.3,0,0,3,13.2,45,MID
Oliver,Skipp,0,0,9,401,8,47.7,50.0,9.0,0,47,10.6,1,0,2,0.0,49,MID
Abdul,Fatawu,0,2,24,486,11,68.3,103.8,103.0,3,106,27.6,0,0,0,0.4,54,MID
Will,Alves,0,0,0,0,0,0.0,0.0,0.0,0,0,0.0,0,0,0,0.1,45,MID
Ben,Nelson,0,0,0,0,0,0.0,0.0,0.0,0,0,0.0,0,0,0,0.0,40,DEF
Bilal,El Khannouss,0,0,7,177,5,61.8,15.4,10.0,0,27,8.7,0,0,0,0.0,49,MID
Alisson,Ramses Becker,0,0,35,528,2,0.0,126.8,0.0,5,131,12.6,4,0,0,5.8,54,GK
Trent,Alexander-Arnold,0,1,46,842,6,265.2,153.8,48.0,6,195,46.6,5,0,2,30.0,70,DEF
Stefan,Bajčetić Maquieira,0,0,0,0,0,0.0,0.0,0.0,0,0,0.0,0,0,0,0.0,45,MID
Conor,Bradley,0,0,5,76,1,6.5,17.8,52.0,0,15,7.6,0,0,0,0.3,47,DEF
Bobby,Clark,0,0,0,0,0,0.0,0.0,0.0,0,0,0.0,0,0,0,0.0,45,MID
Darwin,Núñez Ribeiro,1,1,16,359,5,33.0,75.0,58.0,0,74,16.7,1,0,2,2.4,71,FWD
Diogo,Teixeira da Silva,2,3,35,492,1,55.1,105.0,157.0,1,85,31.6,4,0,1,3.9,73,MID
Ben,Doak,0,0,0,0,0,0.0,0.0,0.0,0,0,0.0,0,0,0,0.0,45,MID
Harvey,Elliott,0,0,1,7,0,2.0,0.0,2.0,0,3,0.4,0,0,0,0.2,52,MID
Endo,Wataru,0,0,4,16,0,11.1,2.4,0.0,0,14,1.3,0,0,0,0.2,47,MID
Cody,Gakpo,1,1,18,389,3,108.5,53.2,48.0,0,95,21.0,1,0,2,1.8,71,FWD
Joe,Gomez,0,0,3,55,0,0.6,10.2,0.0,0,19,1.1,0,0,0,0.4,48,DEF
Ryan,Gravenberch,0,0,24,900,6,96.3,112.8,27.0,1,167,23.6,5,0,2,1.0,50,MID
Curtis,Jones,1,2,25,343,3,56.4,99.6,89.0,3,105,24.6,1,0,0,0.4,53,MID
Caoimhin,Kelleher,0,0,15,360,4,0.0,70.0,0.0,1,60,7.0,1,0,0,1.8,44,GK
Ibrahima,Konaté,1,1,40,794,6,31.4,197.0,46.0,1,172,27.6,4,0,3,14.6,53,DEF
Luis,Díaz,5,2,61,556,3,150.1,259.4,244.0,8,197,65.3,5,0,0,26.6,78,MID
Mohamed,Salah,7,5,91,874,6,229.6,376.2,474.0,16,315,107.8,5,0,0,42.5,127,MID
Alexis,Mac Allister,0,0,17,690,4,136.8,92.4,78.0,0,102,30.7,4,0,4,1.5,62,MID
James,McConnell,0,0,0,0,0,0.0,0.0,0.0,0,0,0.0,0,0,0,0.1,44,MID
Tyler,Morton,0,0,0,0,0,0.0,0.0,0.0,0,0,0.0,0,0,0,0.2,44,MID
Nathaniel,Phillips,0,0,0,0,0,0.0,0.0,0.0,0,0,0.0,0,0,0,0.1,40,DEF
Jarell,Quansah,0,0,1,45,0,0.5,15.8,0.0,0,7,1.6,0,0,0,1.0,40,DEF
Rhys,Williams,0,0,0,0,0,0.0,0.0,0.0,0,0,0.0,0,0,0,0.1,40,DEF
Andrew,Robertson,0,0,31,665,5,170.7,94.6,68.0,0,146,33.3,4,0,1,5.5,60,DEF
Dominik,Szoboszlai,0,2,26,719,4,183.9,82.6,118.0,1,118,38.6,4,0,3,1.7,64,MID
Konstantinos,Tsimikas,0,0,12,228,1,12.9,25.2,2.0,0,68,4.2,1,0,0,0.2,46,DEF
Virgil,van Dijk,1,1,50,900,6,41.6,211.6,80.0,3,208,33.2,5,0,1,17.3,62,DEF
Federico,Chiesa,0,0,1,18,0,0.9,0.2,15.0,0,-1,1.6,0,0,0,0.2,68,MID
Vítezslav,Jaros,0,0,1,11,0,0.0,8.8,0.0,0,6,0.9,0,0,0,0.2,40,GK
Harvey,Davies,0,0,0,0,0,0.0,0.0,0.0,0,0,0.0,0,0,0,0.0,40,GK
Manuel,Akanji,0,0,23,781,9,156.9,144.6,25.0,0,132,32.7,2,0,1,4.4,55,DEF
Nathan,Aké,0,0,2,74,2,0.5,3.4,0.0,0,6,0.4,0,0,0,1.0,53,DEF
Bernardo,Veiga de Carvalho e Silva,0,3,32,816,10,301.0,138.4,250.0,4,161,68.9,2,0,2,5.4,65,MID
Oscar,Bobb,0,0,0,0,0,0.0,0.0,0.0,0,0,0.0,0,0,0,0.1,47,MID
Scott,Carson,0,0,0,0,0,0.0,0.0,0.0,0,0,0.0,0,0,0,0.2,40,GK
Kevin,De Bruyne,1,1,18,356,3,246.8,98.8,82.0,2,89,42.7,1,0,1,3.7,94,MID
Jérémy,Doku,1,1,22,403,6,141.1,105.6,118.0,0,120,36.5,1,0,0,1.6,63,MID
Ederson,Santana de Moraes,0,1,31,900,11,10.0,179.2,0.0,2,116,18.9,2,0,3,9.2,55,GK
Phil,Foden,0,1,14,370,3,191.0,56.0,66.0,0,85,31.4,1,0,0,7.8,93,MID
Jack,Grealish,0,1,15,343,4,194.1,77.2,126.0,3,90,39.8,0,0,2,0.2,64,MID
Joško,Gvardiol,3,0,49,852,10,171.4,244.8,165.0,7,199,58.2,2,0,0,29.4,62,DEF
Erling,Haaland,11,0,77,899,11,68.1,413.0,584.0,14,344,106.6,2,0,1,71.6,154,FWD
Julián,Álvarez,0,0,0,0,0,0.0,0.0,0.0,0,0,0.0,0,0,0,0.1,70,FWD
João,Cavaco Cancelo,0,0,0,0,0,0.0,0.0,0.0,0,0,0.0,0,0,0,0.2,53,DEF
Mateo,Kovačić,3,1,42,788,11,176.2,212.6,73.0,7,199,46.2,2,0,3,4.4,56,MID
Rico,Lewis,0,2,30,682,7,91.1,122.0,71.0,1,117,28.4,2,0,0,16.6,48,DEF
Matheus Luiz,Nunes,0,2,16,200,2,56.9,50.0,32.0,0,72,14.0,1,0,0,0.5,49,MID
James,McAtee,0,0,1,1,0,1.0,0.2,2.0,0,3,0.3,0,0,0,0.0,47,MID
Stefan,Ortega Moreno,0,0,0,0,0,0.0,0.0,0.0,0,0,0.0,0,0,0,0.5,53,GK
Rodrigo 'Rodri',Hernandez,0,0,2,65,0,17.1,10.8,0.0,0,18,2.8,0,0,0,0.9,63,MID
Rúben,Gato Alves Dias,0,0,19,726,8,100.9,147.0,62.0,1,99,31.1,2,0,3,4.1,55,DEF
John,Stones,2,0,20,238,3,20.2,87.6,70.0,1,54,17.6,0,0,1,2.7,53,DEF
Kyle,Walker,0,0,7,377,7,77.7,58.0,21.0,0,40,15.7,0,0,1,3.5,52,DEF
Sávio 'Savinho',Moreira de Oliveira,0,3,26,453,5,263.6,117.4,166.0,6,128,54.7,1,0,2,1.5,65,MID
Nico,O'Reilly,0,0,0,0,0,0.0,0.0,0.0,0,0,0.0,0,0,0,0.0,50,MID
Ilkay,Gündogan,0,1,18,552,9,219.5,51.6,90.0,0,98,36.0,0,0,0,0.7,65,MID
Issa,Kaboré,0,0,0,0,0,0.0,0.0,0.0,0,0,0.0,0,0,0,0.0,45,DEF
Amad,Diallo,1,1,21,371,3,184.6,109.4,114.0,0,86,40.8,3,0,1,2.6,49,MID
Antony Matheus,dos Santos,0,0,2,27,1,11.3,7.2,10.0,0,6,2.8,0,0,0,0.2,57,MID
Bruno,Borges Fernandes,0,2,23,749,10,197.3,143.4,149.0,0,123,48.8,4,1,1,6.9,82,MID
Altay,Bayindir,0,0,0,0,0,0.0,0.0,0.0,0,0,0.0,0,0,0,0.1,44,GK
Carlos Henrique,Casimiro,1,0,21,455,9,167.9,158.2,111.0,3,127,43.8,1,0,0,0.7,48,MID
Diogo,Dalot Teixeira,0,1,37,810,11,136.7,162.0,42.0,6,157,33.9,4,0,2,10.2,51,DEF
Christian,Eriksen,0,0,13,427,3,207.7,66.6,19.0,0,83,29.3,3,0,2,0.2,54,MID
Jonny,Evans,0,0,12,200,1,3.3,37.8,6.0,3,47,4.7,1,0,1,0.1,44,DEF
Alejandro,Garnacho,2,1,32,589,10,139.3,144.0,259.0,3,107,54.0,2,0,1,10.1,63,MID
Hannibal,Mejbri,0,0,0,0,0,0.0,0.0,0.0,0,0,0.0,0,0,0,0.0,45,MID
Tom,Heaton,0,0,0,0,0,0.0,0.0,0.0,0,0,0.0,0,0,0,0.2,40,GK
Rasmus,Højlund,1,0,14,257,4,32.8,46.6,60.0,2,51,13.8,1,0,0,1.2,69,FWD
Victor,Lindelöf,0,0,2,52,1,5.2,12.8,4.0,0,3,2.2,0,0,1,0.1,43,DEF
Harry,Maguire,0,0,8,240,1,15.0,42.4,10.0,0,38,6.7,1,0,3,0.5,49,DEF
Kobbie,Mainoo,0,0,13,571,6,57.7,73.2,23.0,0,92,15.6,4,0,4,2.3,52,MID
Tyrell,Malacia,0,0,0,0,0,0.0,0.0,0.0,0,0,0.0,0,0,0,0.0,44,DEF
Lisandro,Martínez,0,0,22,706,11,44.1,134.4,81.0,1,105,26.0,3,0,3,4.3,44,DEF
Scott,McTominay,0,0,2,17,1,0.3,3.2,5.0,0,4,0.9,0,0,0,0.2,49,MID
Mason,Mount,0,0,3,144,3,48.0,17.4,42.0,0,3,10.8,1,0,2,0.1,63,MID
André,Onana,0,0,42,810,11,13.0,213.4,0.0,3,152,22.7,4,0,0,7.2,50,GK
Facundo,Pellistri Rebollo,0,0,0,0,0,0.0,0.0,0.0,0,0,0.0,0,0,0,0.0,50,MID
Marcus,Rashford,1,1,27,628,7,184.2,121.4,112.0,1,109,41.8,3,0,1,3.2,69,MID
Luke,Shaw,0,0,0,0,0,0.0,0.0,0.0,0,0,0.0,0,0,0,0.2,49,DEF
Joshua,Zirkzee,1,1,21,407,6,84.4,89.6,156.0,3,74,33.0,2,0,1,1.9,67,FWD
Leny,Yoro,0,0,0,0,0,0.0,0.0,0.0,0,0,0.0,0,0,0,0.1,43,DEF
Matthijs,de Ligt,1,0,27,579,10,29.6,153.2,147.0,3,99,33.2,2,0,2,4.6,50,DEF
Noussair,Mazraoui,0,1,29,642,9,56.1,152.2,44.0,2,119,25.2,3,0,1,12.2,45,DEF
Toby,Collyer,0,0,1,45,1,12.6,14.2,2.0,0,12,2.9,0,0,0,0.1,45,MID
Ethan,Wheatley,0,0,0,0,0,0.0,0.0,0.0,0,0,0.0,0,0,0,2.2,45,FWD
Manuel,Ugarte,0,0,4,104,2,6.5,20.4,0.0,0,16,2.6,0,0,1,0.1,49,MID
Jack,Fletcher,0,0,0,0,0,0.0,0.0,0.0,0,0,0.0,0,0,0,0.0,45,MID
Harry,Amass,0,0,0,0,0,0.0,0.0,0.0,0,0,0.0,0,0,0,0.0,40,DEF
Alex,Murphy,0,0,0,0,0,0.0,0.0,0.0,0,0,0.0,0,0,0,0.9,40,DEF
Miguel,Almirón Rejala,0,0,6,102,2,17.8,3.8,32.0,0,18,5.3,0,0,0,0.4,56,MID
Harvey,Barnes,3,1,42,481,7,115.7,156.6,156.0,8,140,42.9,1,0,0,3.0,64,MID
Sven,Botman,0,0,0,0,0,0.0,0.0,0.0,0,0,0.0,0,0,0,0.0,44,DEF
Bruno,Guimarães Rodriguez Moura,0,1,26,890,10,131.6,152.6,40.0,2,148,32.6,3,0,2,1.7,62,MID
Dan,Burn,0,0,26,900,10,15.5,152.0,77.0,2,103,24.5,3,0,4,9.0,44,DEF
Martin,Dúbravka,0,0,0,0,0,0.0,0.0,0.0,0,0,0.0,0,0,0,0.5,43,GK
Anthony,Gordon,2,1,37,767,7,271.7,146.0,204.0,5,152,62.2,3,0,0,8.5,72,MID
Lewis,Hall,0,1,28,695,6,197.8,169.6,16.0,0,148,38.6,3,0,3,2.3,43,DEF
Isaac,Hayden,0,0,0,0,0,0.0,0.0,0.0,0,0,0.0,0,0,0,0.1,45,MID
Alexander,Isak,3,1,33,675,9,89.7,127.0,247.0,3,135,46.3,2,0,0,12.9,83,FWD
Jacob,Murphy,0,2,19,494,5,107.1,84.6,72.0,0,68,26.4,1,0,1,0.4,51,MID
Joelinton Cássio,Apolinário de Lira,1,0,26,836,9,126.4,134.6,146.0,3,98,40.8,3,0,4,1.4,60,MID
Lloyd,Kelly,0,1,10,205,4,16.8,56.8,7.0,0,32,7.9,0,0,1,0.1,43,DEF
Emil,Krafth,0,0,10,240,2,10.9,44.2,11.0,0,34,6.6,1,0,0,0.1,44,DEF
Garang,Kuol,0,0,0,0,0,0.0,0.0,0.0,0,0,0.0,0,0,0,0.0,45,MID
Jamaal,Lascelles,0,0,0,0,0,0.0,0.0,0.0,0,0,0.0,0,0,0,0.0,45,DEF
Jamal,Lewis,0,0,0,0,0,0.0,0.0,0.0,0,0,0.0,0,0,0,0.2,40,DEF
Tino,Livramento,0,0,24,617,7,44.2,102.2,4.0,1,93,15.1,2,0,0,1.9,45,DEF
Sean,Longstaff,0,0,13,419,3,20.9,40.6,14.0,0,53,7.6,2,0,2,0.5,47,MID
Lewis,Miley,0,0,0,0,0,0.0,0.0,0.0,0,0,0.0,0,0,0,0.0,50,MID
Odysseas,Vlachodimos,0,0,0,0,0,0.0,0.0,0.0,0,0,0.0,0,0,0,0.1,43,GK
Nick,Pope,0,0,41,900,10,0.0,288.4,0.0,2,161,28.8,3,0,1,6.7,50,GK
John,Ruddy,0,0,0,0,0,0.0,0.0,0.0,0,0,0.0,0,0,0,0.3,40,GK
Fabian,Schär,1,0,20,657,8,27.2,116.4,46.0,0,76,18.5,2,1,4,1.1,54,DEF
Matt,Targett,0,0,0,0,0,0.0,0.0,0.0,0,0,0.0,0,0,0,0.4,40,DEF
Sandro,Tonali,0,0,10,387,5,51.0,55.4,71.0,0,62,17.7,1,0,3,0.3,55,MID
Kieran,Trippier,0,0,13,278,3,65.7,44.6,11.0,2,46,12.1,1,0,0,3.7,56,DEF
Joe,White,0,0,0,0,0,0.0,0.0,0.0,0,0,0.0,0,0,0,0.2,45,MID
Joe,Willock,0,1,12,254,2,80.0,46.0,26.0,0,48,15.3,1,0,1,0.2,48,MID
Callum,Wilson,0,0,0,0,0,0.0,0.0,0.0,0,0,0.0,0,0,0,0.0,69,FWD
Miodrag,Pivaš,0,0,0,0,0,0.0,0.0,0.0,0,0,0.0,0,0,0,0.1,40,DEF
William,Osula,0,0,3,9,1,0.0,1.0,2.0,0,7,0.3,0,0,0,0.2,50,FWD
Álex,Moreno Lopera,0,1,26,526,5,51.1,74.0,12.0,1,98,13.7,3,0,2,0.6,44,DEF
Ola,Aina,1,0,44,861,6,80.8,146.0,10.0,5,189,23.7,4,0,1,7.6,46,DEF
Elliot,Anderson,0,3,27,596,7,162.0,140.8,124.0,2,156,42.6,3,0,3,0.2,50,MID
Taiwo,Awoniyi,0,0,7,105,1,5.4,7.8,41.0,0,18,5.0,0,0,0,0.3,56,FWD
Willy,Boly,0,0,3,91,1,0.2,32.0,17.0,0,13,4.9,0,0,0,0.1,43,DEF
Josh,Bowler,0,0,0,0,0,0.0,0.0,0.0,0,0,0.0,0,0,0,0.0,45,MID
Carlos Miguel,dos Santos Pereira,0,0,0,0,0,0.0,0.0,0.0,0,0,0.0,0,0,0,0.2,43,GK
Eric,da Silva Moreira,0,0,1,1,0,0.0,0.0,0.0,0,3,0.0,0,0,0,0.1,45,MID
Danilo,dos Santos de Oliveira,0,0,1,14,0,0.1,0.0,0.0,0,1,0.0,0,0,0,0.0,47,MID
Emmanuel,Dennis,0,0,0,0,0,0.0,0.0,0.0,0,0,0.0,0,0,0,0.3,49,FWD
Nicolás,Domínguez,0,0,10,444,3,33.9,65.4,55.0,0,46,15.4,2,0,3,0.0,48,MID
Anthony,Elanga,0,1,20,559,5,144.0,55.2,96.0,0,68,29.7,3,0,1,0.9,52,MID
Morgan,Gibbs-White,1,0,20,569,5,157.0,96.0,169.0,2,80,42.2,3,1,1,1.1,63,MID
Callum,Hudson-Odoi,2,1,35,726,5,208.1,117.6,131.0,1,177,45.6,4,0,1,2.0,54,MID
Alex,Mighten,0,0,0,0,0,0.0,0.0,0.0,0,0,0.0,0,0,0,0.0,45,MID
Murillo,Santiago Costa dos Santos,0,0,37,900,7,75.3,201.0,43.0,3,166,32.1,4,0,1,1.2,45,DEF
Neco,Williams,0,0,13,369,2,62.6,79.2,74.0,0,56,21.7,1,0,3,0.4,44,DEF
Omar,Richards,0,0,0,0,0,0.0,0.0,0.0,0,0,0.0,0,0,0,0.0,45,DEF
Lewis,O'Brien,0,0,0,0,0,0.0,0.0,0.0,0,0,0.0,0,0,0,0.0,50,MID
Andrew,Omobamidele,0,0,0,0,0,0.0,0.0,0.0,0,0,0.0,0,0,0,0.1,43,DEF
Jonathan,Panzo,0,0,0,0,0,0.0,0.0,0.0,0,0,0.0,0,0,0,0.0,40,DEF
Ibrahim,Sangaré,0,0,4,212,2,16.4,38.8,19.0,0,26,7.4,1,0,2,1.1,44,MID
Matz,Sels,0,1,48,900,7,0.1,205.0,0.0,6,159,20.6,4,0,2,5.7,46,GK
Harry,Toffolo,0,0,1,36,1,3.0,9.6,6.0,0,0,1.9,0,0,0,0.1,43,DEF
Hwang,Ui-jo,0,0,0,0,0,0.0,0.0,0.0,0,0,0.0,0,0,0,1.7,45,FWD
Chris,Wood,8,0,65,798,6,72.4,256.4,289.0,14,264,62.0,5,0,1,18.7,64,FWD
Joe,Worrall,0,0,0,0,0,0.0,0.0,0.0,0,0,0.0,0,0,0,0.0,45,DEF
Ryan,Yates,1,1,29,716,4,115.5,124.6,119.0,3,121,35.9,3,0,2,0.3,49,MID
James,Ward-Prowse,0,0,6,302,5,29.1,31.6,9.0,0,30,7.0,1,1,0,0.6,62,MID
Nikola,Milenković,0,1,35,810,6,33.7,125.6,49.0,0,136,20.8,4,0,1,1.0,45,DEF
João Pedro,Ferreira Silva,0,1,11,181,0,35.3,45.0,57.0,0,42,13.8,0,0,1,0.1,59,MID
Ramón,Sosa,1,0,11,77,0,44.2,49.4,36.0,0,49,13.0,0,0,0,0.0,55,MID
Felipe,Rodrigues da Silva,0,0,5,65,0,1.6,31.4,0.0,0,25,3.3,0,0,0,0.0,45,DEF
Aaron,Ramsdale,0,0,24,720,17,0.0,215.2,0.0,0,98,21.5,1,0,0,2.1,44,GK
Cameron,Archer,2,0,25,521,9,13.9,81.4,203.0,4,74,30.0,1,0,0,2.6,50,FWD
Lesley,Ugochukwu,0,0,5,140,6,24.6,15.8,6.0,0,14,4.7,0,0,0,0.4,45,MID
Ryan,Fraser,0,0,1,140,7,12.4,16.8,9.0,0,6,3.0,0,1,0,0.0,48,MID
Carlos,Alcaraz Durán,0,0,1,9,0,15.9,8.4,19.0,0,4,4.3,0,0,0,0.0,49,MID
Samuel,Amo-Ameyaw,0,0,1,9,0,15.0,4.0,6.0,0,4,2.5,0,0,0,0.1,45,MID
Joe,Aribo,1,0,21,526,12,71.3,99.0,90.0,2,102,26.2,0,0,0,0.1,49,MID
Adam,Armstrong,1,0,12,364,5,28.1,13.6,79.0,0,45,12.0,1,0,2,0.6,51,FWD
Gavin,Bazunu,0,0,0,0,0,0.0,0.0,0.0,0,0,0.0,0,0,0,0.1,43,GK
Jan,Bednarek,0,0,16,890,19,43.4,235.6,8.0,0,94,28.6,1,0,3,3.2,40,DEF
Armel,Bella-Kotchap,0,0,0,0,0,0.0,0.0,0.0,0,0,0.0,0,0,0,0.5,39,DEF
James,Bree,0,0,1,13,0,10.7,3.6,0.0,0,4,1.4,0,0,0,0.2,39,DEF
Shea,Charles,0,0,0,0,0,0.0,0.0,0.0,0,0,0.0,0,0,0,0.0,45,MID
Samuel,Edozie,0,0,1,64,0,19.0,9.8,22.0,0,6,5.1,0,0,1,0.0,49,MID
Ronnie,Edwards,0,0,0,0,0,0.0,0.0,0.0,0,0,0.0,0,0,0,0.3,39,DEF
Taylor,Harwood-Bellis,1,0,22,769,15,82.4,202.8,85.0,0,94,37.1,1,0,3,10.2,41,DEF
Kamaldeen,Sulemana,0,0,2,15,1,0.3,7.0,5.0,0,7,1.2,0,0,0,0.0,50,MID
Adam,Lallana,0,2,10,217,2,32.5,52.8,15.0,1,42,10.0,0,0,3,0.0,50,MID
Juan,Larios López,0,0,0,0,0,0.0,0.0,0.0,0,0,0.0,0,0,0,0.1,40,DEF
Mateusz,Lis,0,0,0,0,0,0.0,0.0,0.0,0,0,0.0,0,0,0,0.1,40,GK
Joe,Lumley,0,0,0,0,0,0.0,0.0,0.0,0,0,0.0,0,0,0,0.3,40,GK
Ryan,Manning,0,1,7,284,5,62.8,35.0,12.0,0,16,10.9,0,0,1,0.1,43,DEF
Sékou,Mara,0,0,0,0,0,0.0,0.0,0.0,0,0,0.0,0,0,0,0.0,50,FWD
Alex,McCarthy,0,0,6,180,2,0.0,52.0,0.0,0,21,5.2,0,0,0,0.2,44,GK
Paul,Onuachu,0,0,3,42,3,10.2,5.8,30.0,0,6,4.6,0,0,1,0.2,49,FWD
Will,Smallbone,0,0,6,240,5,57.1,22.6,32.0,0,31,11.1,0,0,0,0.0,50,MID
Jack,Stephens,0,0,10,516,9,40.4,57.0,11.0,0,50,10.8,1,1,1,0.6,40,DEF
Ross,Stewart,0,0,3,130,2,6.7,5.8,9.0,0,5,2.1,0,0,1,2.6,46,FWD
Sugawara,Yukinari,1,1,23,637,15,132.2,149.0,47.0,0,95,32.7,1,0,2,0.2,45,DEF
Charlie,Taylor,0,0,5,207,5,25.4,67.0,2.0,0,31,9.5,0,0,1,4.3,39,DEF
Kyle,Walker-Peters,0,1,18,710,15,74.2,113.4,64.0,0,90,25.1,1,0,1,0.3,44,DEF
Nathan,Wood-Gordon,0,0,0,0,0,0.0,0.0,0.0,0,0,0.0,0,0,0,1.5,40,DEF
Maxwel,Cornet,0,0,1,71,4,3.5,11.6,7.0,0,12,2.2,0,0,1,0.0,48,MID
Flynn,Downes,0,0,17,896,19,183.4,113.2,61.0,0,132,35.8,1,0,4,0.1,48,MID
Ben,Brereton Díaz,0,0,9,389,8,61.6,17.8,76.0,0,30,15.7,0,0,1,0.2,51,MID
Tyler,Dibling,1,0,20,521,13,112.8,85.4,93.0,3,78,29.2,1,0,4,3.2,46,MID
Mateus Gonçalo,Espanha Fernandes,0,1,18,618,11,104.5,94.4,67.0,0,93,26.6,2,0,3,0.0,50,MID
Dominic,Solanke-Mitchell,2,1,25,617,8,71.3,133.0,230.0,0,94,43.4,1,0,0,10.9,76,FWD
Ashley,Phillips,0,0,0,0,0,0.0,0.0,0.0,0,0,0.0,0,0,0,0.2,40,DEF
Brandon,Austin,0,0,0,0,0,0.0,0.0,0.0,0,0,0.0,0,0,0,0.5,40,GK
Rodrigo,Bentancur,0,0,11,394,6,49.3,49.2,37.0,0,75,13.6,1,0,3,0.2,50,MID
Lucas,Bergvall,0,0,5,46,0,31.5,14.0,8.0,0,19,5.3,0,0,0,0.7,45,MID
Yves,Bissouma,2,0,23,356,4,54.6,132.2,26.0,4,117,21.3,1,0,2,0.5,49,MID
Bryan,Gil Salvatierra,0,0,0,0,0,0.0,0.0,0.0,0,0,0.0,0,0,0,0.0,50,MID
Ben,Davies,0,0,0,0,0,0.0,0.0,0.0,0,0,0.0,0,0,0,0.2,43,DEF
Alfie,Devine,0,0,0,0,0,0.0,0.0,0.0,0,0,0.0,0,0,0,0.1,45,MID
Radu,Drăgușin,0,0,2,99,2,1.7,19.4,6.0,0,8,2.7,0,0,0,0.2,43,DEF
Emerson,Leite de Souza Junior,0,0,0,0,0,0.0,0.0,0.0,0,0,0.0,0,0,0,0.0,45,DEF
Fraser,Forster,0,0,0,0,0,0.0,0.0,0.0,0,0,0.0,0,0,0,0.2,44,GK
Archie,Gray,0,0,4,34,0,2.9,9.0,0.0,0,10,1.2,0,0,0,0.1,47,MID
Pierre-Emile,Højbjerg,0,0,0,0,0,0.0,0.0,0.0,0,0,0.0,0,0,0,0.0,50,MID
Brennan,Johnson,3,2,39,693,9,127.0,157.0,348.0,1,124,63.3,2,0,2,9.8,67,MID
Dejan,Kulusevski,2,1,34,678,9,300.0,181.4,264.0,5,126,74.4,2,0,3,3.7,63,MID
Giovani,Lo Celso,0,0,0,0,0,0.0,0.0,0.0,0,0,0.0,0,0,0,0.0,49,MID
James,Maddison,2,4,45,669,10,330.7,256.2,253.0,6,213,84.0,2,0,2,6.8,76,MID
Pedro,Porro,1,0,30,807,10,272.0,221.0,94.0,1,140,58.8,2,0,1,28.0,55,DEF
Sergio,Reguilón,0,0,0,0,0,0.0,0.0,0.0,0,0,0.0,0,0,0,0.2,43,DEF
Richarlison,de Andrade,0,0,3,62,0,3.1,4.2,11.0,0,7,1.7,0,0,1,0.4,68,FWD
Cristian,Romero,1,0,32,810,10,70.7,223.2,135.0,2,161,43.1,2,0,0,9.6,51,DEF
Pape Matar,Sarr,0,2,15,284,2,66.5,83.4,44.0,0,78,19.4,0,0,1,0.2,48,MID
Dane,Scarlett,0,0,0,0,0,0.0,0.0,0.0,0,0,0.0,0,0,0,0.1,45,FWD
Manor,Solomon,0,0,0,0,0,0.0,0.0,0.0,0,0,0.0,0,0,0,0.0,54,MID
Son,Heung-min,3,2,41,519,6,210.3,200.8,169.0,7,176,58.0,1,0,0,5.7,99,MID
Djed,Spence,0,0,2,63,0,7.5,9.6,2.0,0,8,1.9,0,0,1,0.1,44,DEF
Destiny,Udogie,0,1,20,744,10,123.6,145.2,88.0,0,109,35.7,1,0,2,2.9,49,DEF
Micky,van de Ven,0,2,27,710,8,36.3,148.0,36.0,2,128,22.1,2,0,4,8.8,47,DEF
Alejo,Véliz,0,0,0,0,0,0.0,0.0,0.0,0,0,0.0,0,0,0,0.0,50,FWD
Guglielmo,Vicario,0,0,26,810,10,0.0,201.6,0.0,0,144,20.1,2,0,1,3.6,50,GK
Timo,Werner,0,1,13,240,4,45.2,45.8,80.0,0,41,17.1,1,0,0,0.2,62,MID
Alfie,Whiteman,0,0,0,0,0,0.0,0.0,0.0,0,0,0.0,0,0,0,1.5,40,GK
Will,Lankshear,0,0,0,0,0,0.0,0.0,0.0,0,0,0.0,0,0,0,1.7,45,FWD
Mikey,Moore,0,0,5,82,1,2.5,1.8,7.0,0,12,1.0,0,0,0,0.4,45,MID
Wilson,Odobert,0,0,6,160,1,40.5,10.0,42.0,0,12,9.2,1,0,0,0.0,53,MID
Aaron,Wan-Bissaka,0,0,12,748,17,126.4,139.4,37.0,0,65,30.2,0,0,0,1.6,44,DEF
Edson,Álvarez Velázquez,0,0,6,407,10,57.4,54.0,12.0,0,44,12.4,0,1,2,0.1,50,MID
Michail,Antonio,1,4,35,602,12,90.1,62.0,145.0,3,100,28.9,2,0,1,2.9,54,FWD
Alphonse,Areola,0,0,15,675,14,0.0,159.6,0.0,0,56,16.0,1,0,0,6.2,44,GK
Jarrod,Bowen,3,3,47,877,18,298.7,242.6,256.0,2,184,79.7,1,0,0,6.9,74,MID
Vladimír,Coufal,0,0,9,198,3,17.5,19.2,1.0,0,18,3.5,1,0,0,0.5,43,DEF
Aaron,Cresswell,0,0,3,26,0,11.8,4.8,1.0,0,9,1.8,0,0,1,1.7,40,DEF
George,Earthy,0,0,0,0,0,0.0,0.0,0.0,0,0,0.0,0,0,0,0.0,45,MID
Emerson,Palmieri dos Santos,0,0,13,761,18,129.5,110.8,55.0,0,51,29.3,1,0,3,0.5,44,DEF
Łukasz,Fabiański,0,0,6,225,5,0.0,45.2,0.0,0,17,4.5,0,0,0,17.5,40,GK
Wes,Foderingham,0,0,0,0,0,0.0,0.0,0.0,0,0,0.0,0,0,0,0.1,44,GK
Danny,Ings,1,2,18,47,1,10.8,55.6,42.0,4,60,10.9,0,0,0,2.2,50,FWD
Max,Kilman,0,1,21,900,19,69.1,202.6,24.0,3,89,29.6,1,0,3,2.2,45,DEF
Mohammed,Kudus,2,0,23,662,15,105.3,140.8,282.0,0,101,52.8,1,1,0,2.7,62,MID
Luis Guilherme,Lira dos Santos,0,0,1,4,0,0.1,0.0,0.0,0,4,0.0,0,0,0,0.0,48,MID
Lucas,Tolentino Coelho de Lima,2,0,26,721,16,150.1,126.8,102.0,1,98,37.5,1,0,4,1.5,59,MID
Konstantinos,Mavropanos,0,0,16,650,12,10.0,155.6,36.0,2,74,20.3,1,0,1,0.2,45,DEF
Nayef,Aguerd,0,0,0,0,0,0.0,0.0,0.0,0,0,0.0,0,0,0,0.1,44,DEF
Tomáš,Souček,2,1,29,562,12,112.4,148.0,164.0,4,100,42.2,1,0,3,2.5,50,MID
Kurt,Zouma,0,0,0,0,0,0.0,0.0,0.0,0,0,0.0,0,0,0,0.2,44,DEF
Andy,Irving,0,0,2,30,0,2.6,8.4,7.0,0,10,1.8,0,0,1,0.0,48,MID
Crysencio,Summerville,1,0,15,259,6,76.1,72.0,71.0,2,60,21.8,0,0,1,0.5,57,MID
Guido,Rodríguez,0,0,16,733,16,29.8,103.6,9.0,0,103,14.3,1,0,3,0.1,49,MID
Niclas,Füllkrug,0,0,3,63,2,2.5,2.6,29.0,0,3,3.5,0,0,0,0.9,67,FWD
Jean-Clair,Todibo,0,0,8,412,10,12.1,84.4,12.0,0,41,10.9,0,0,0,0.3,44,DEF
Kaelan,Casey,0,0,0,0,0,0.0,0.0,0.0,0,0,0.0,0,0,0,0.2,40,DEF
Carlos,Soler,0,0,4,240,2,43.4,19.2,33.0,0,13,9.4,0,0,3,0.0,50,MID
Sam,Johnstone,0,0,10,450,13,10.0,155.8,0.0,0,31,16.6,0,0,0,0.4,44,GK
Rayan,Aït-Nouri,3,2,31,816,25,145.7,239.6,127.0,2,61,51.3,0,0,4,10.5,46,DEF
Boubacar,Traoré,0,0,0,0,0,0.0,0.0,0.0,0,0,0.0,0,0,0,0.0,48,MID
Jean-Ricner,Bellegarde,1,1,22,412,10,70.3,76.4,49.0,0,64,19.3,2,0,1,0.1,50,MID
Daniel,Bentley,0,0,0,0,0,0.0,0.0,0.0,0,0,0.0,0,0,0,1.7,40,GK
Francisco Jorge,Tomás Oliveira,0,0,1,6,0,14.3,3.0,2.0,0,4,1.9,0,0,0,0.1,45,MID
Tawanda,Chirewa,0,0,0,0,0,0.0,0.0,0.0,0,0,0.0,0,0,0,0.0,45,MID
Leon,Chiwome,0,0,0,0,0,0.0,0.0,0.0,0,0,0.0,0,0,0,2.7,45,FWD
Luke,Cundle,0,0,0,0,0,0.0,0.0,0.0,0,0,0.0,0,0,0,0.2,45,MID
Matheus,Santos Carneiro Da Cunha,4,1,46,778,23,235.5,223.2,263.0,9,237,72.2,0,0,1,5.9,66,FWD
Craig,Dawson,0,1,12,641,17,28.3,136.2,43.0,0,43,20.8,0,0,1,0.2,44,DEF
Matt,Doherty,0,0,2,208,9,16.0,40.8,15.0,0,2,7.2,0,0,0,0.2,43,DEF
Tommy,Doyle,0,1,13,262,7,38.0,43.6,7.0,0,59,8.9,0,0,0,0.0,48,MID
Fábio,Silva,0,0,0,0,0,0.0,0.0,0.0,0,0,0.0,0,0,0,0.1,50,FWD
Nathan,Fraser,0,0,0,0,0,0.0,0.0,0.0,0,0,0.0,0,0,0,2.1,45,FWD
Enso,González,0,0,0,0,0,0.0,0.0,0.0,0,0,0.0,0,0,0,0.0,45,MID
Gonçalo Manuel,Ganchinho Guedes,0,1,10,87,5,27.1,14.2,6.0,0,37,4.7,0,0,0,0.1,53,MID
Hugo,Bueno López,0,0,0,0,0,0.0,0.0,0.0,0,0,0.0,0,0,0,0.0,45,DEF
Hwang,Hee-chan,0,0,7,252,9,36.1,16.4,10.0,0,28,6.2,0,0,0,0.3,61,MID
Joe,Hodge,0,0,0,0,0,0.0,0.0,0.0,0,0,0.0,0,0,0,0.3,45,MID
Ki-Jana,Hoever,0,0,0,0,0,0.0,0.0,0.0,0,0,0.0,0,0,0,0.2,40,DEF
João Victor,Gomes da Silva,1,0,20,820,22,65.0,80.2,21.0,0,115,16.6,0,0,4,0.1,49,MID
José,Malheiro de Sá,0,0,7,432,13,10.0,101.8,0.0,0,27,11.2,0,0,0,1.6,43,GK
Saša,Kalajdžić,0,0,0,0,0,0.0,0.0,0.0,0,0,0.0,0,0,0,0.0,48,FWD
Tom,King,0,0,0,0,0,0.0,0.0,0.0,0,0,0.0,0,0,0,1.7,40,GK
Mario,Lemina,1,1,28,773,24,81.7,187.8,86.0,4,141,35.4,0,0,2,0.4,50,MID
Yerson,Mosquera,0,0,3,441,12,27.3,110.2,21.0,0,24,16.0,0,0,2,0.6,40,DEF
Nélson,Cabral Semedo,0,2,12,672,17,72.3,142.0,55.0,0,31,27.0,0,0,4,0.2,45,DEF
Pedro,Cardoso de Lima,0,0,0,0,0,0.0,0.0,0.0,0,0,0.0,0,0,0,1.5,40,DEF
Daniel,Castelo Podence,0,0,2,46,2,1.1,3.0,1.0,0,9,0.4,0,0,0,0.0,55,MID
Rodrigo,Martins Gomes,0,0,5,116,6,6.7,9.0,14.0,0,15,2.8,0,0,0,0.1,52,MID
Santiago,Bueno,0,0,5,336,9,2.9,68.2,17.0,0,17,8.8,0,0,0,0.1,43,DEF
Pablo,Sarabia,0,0,4,134,3,46.2,19.6,40.0,0,19,10.6,0,0,1,0.1,51,MID
Jørgen,Strand Larsen,4,1,41,805,22,68.4,154.2,199.0,3,176,41.9,1,0,1,1.9,55,FWD
Toti António,Gomes,0,1,6,647,20,17.4,107.4,13.0,0,16,13.7,0,0,4,0.2,43,DEF
Bastien,Meupiyou,0,0,0,0,0,0.0,0.0,0.0,0,0,0.0,0,0,0,0.2,40,DEF
André,Trindade da Costa Neto,0,0,8,362,11,40.1,57.0,12.0,0,67,10.9,0,0,2,0.0,50,MID
Carlos Roberto,Forbs Borges,0,0,4,181,7,20.5,18.4,27.0,0,22,6.4,0,0,2,0.0,55,MID
Alfie,Pond,0,0,0,0,0,0.0,0.0,0.0,0,0,0.0,0,0,0,0.1,40,DEF
